{
    "sProcessing":  "Procesando...",
    "sLengthMenu": "Mostrar Registros _MENU_",
    "sInfoFiltered": "(filtrado de un total _MAX_ registros)",
    "sSearch": "Buscar:",
    "sZeroRecords": "No se encontraron resultados",
    "sInfoEmpty": "No hay datos para mostrar",
    "sInfoPostFix": "",
    "sUrl": "",
    "sInfoThousands":  ",",
    "sLoadingRecords": "Cargando...",
    "sEmptyTable": "No hay datos disponibles en la tabla",
    "sInfo": "Mostrando registros del _START_ al _END_ de un total de _TOTAL_ registros",
    "oPaginate": {
	"sPrevious": "Anterior",
	"sNext": "Siguiente",
	"sFirst": "Primera página",
	"sLast": "Última página",
     },
    "oAria": {
      "sSortAscending":  ": Activar para ordenar la columna de manera ascendente",
      "sSortDescending": ": Activar para ordenar la columna de manera descendente"
    }
}
